[{"model": "blog.type", "pk": 1, "fields": {"name": "Grand Spectacle"}}, {"model": "blog.type", "pk": 2, "fields": {"name": "Ville d'Epoque"}}, {"model": "blog.type", "pk": 3, "fields": {"name": "Spectacle Immersif"}}, {"model": "blog.type", "pk": 4, "fields": {"name": "Animation"}}, {"model": "blog.type", "pk": 5, "fields": {"name": "Spectacle"}}, {"model": "blog.type", "pk": 6, "fields": {"name": "Hotel"}}, {"model": "blog.type", "pk": 7, "fields": {"name": "Restaurant"}}, {"model": "blog.color", "pk": 1, "fields": {"name": "White"}}, {"model": "blog.color", "pk": 2, "fields": {"name": "Black"}}, {"model": "blog.category", "pk": 1, "fields": {"name": "Ext\u00e9rieur"}}, {"model": "blog.category", "pk": 2, "fields": {"name": "Ville"}}, {"model": "blog.category", "pk": 3, "fields": {"name": "Int\u00e9rieur"}}, {"model": "blog.category", "pk": 4, "fields": {"name": "Hotel"}}, {"model": "blog.theme", "pk": 1, "fields": {"name": "Tout"}}, {"model": "blog.theme", "pk": 2, "fields": {"name": "Antiquit\u00e9"}}, {"model": "blog.theme", "pk": 3, "fields": {"name": "Moyen-\u00c2ge"}}, {"model": "blog.theme", "pk": 4, "fields": {"name": "Renaissance"}}, {"model": "blog.theme", "pk": 5, "fields": {"name": "Grand Si\u00e8cle"}}, {"model": "blog.theme", "pk": 6, "fields": {"name": "Belle Epoque"}}, {"model": "blog.theme", "pk": 7, "fields": {"name": "XX\u00e8me si\u00e8cle"}}, {"model": "blog.price", "pk": 1, "fields": {"name": "\u20ac\u20ac\u20ac"}}, {"model": "blog.price", "pk": 2, "fields": {"name": "\u20ac"}}, {"model": "blog.price", "pk": 3, "fields": {"name": "\u20ac\u20ac"}}, {"model": "blog.price", "pk": 4, "fields": {"name": "\u20ac\u20ac\u20ac\u20ac"}}, {"model": "blog.spectacle", "pk": 1, "fields": {"name": "La Cin\u00e9sc\u00e9nie", "slug": "cinescenie", "content": "La Cin\u00e9sc\u00e9nie est un spectacle nocturne extraordinaire.\r\nCe spectacle de 1h40 vous am\u00e8ne avec lui pour retracer l'histoire de la Vend\u00e9e au travers de la famille Maupillier.\r\nAvec 2 400 acteurs sur une sc\u00e8ne de 23 hectares et 28 000 costumes, ce spectacle \u00e0 couper le souffle est un incontournable.", "duration": 100, "capacity": 14000, "color_title": 1, "photo_banner": "banner/banner_cinescenie.webp", "photo_home": "show_hom/cinescenie.webp", "url": "https://www.puydufou.com/fr/la-cinescenie", "type": [1], "category": [1], "theme": [1]}}, {"model": "blog.spectacle", "pk": 2, "fields": {"name": "Le Signe du Triomphe", "slug": "triomphe", "content": "Au c\u0153ur du Stadium Gallo-Romain, revivez les jeux du cirque \u00e0 travers un spectacle spectaculaire.\r\nLaissez-vous emporter par l'ambiance de ces jeux en suivant les aventures d'une dizaine de prisonniers contrains d'y participer pour sauver leurs vies.", "duration": 42, "capacity": 6500, "color_title": 1, "photo_banner": "banner/banner_triomphe.webp", "photo_home": "show_hom/triomphe.webp", "url": "https://www.puydufou.com/fr/le-signe-du-triomphe", "type": [1], "category": [1], "theme": [2]}}, {"model": "blog.spectacle", "pk": 3, "fields": {"name": "Les Vikings", "slug": "vikings", "content": "Ce spectacle \u00e0 couper le souffle vous plonge en l'an mil, dans un village chr\u00e9tien c\u00e9l\u00e9brant un mariage.\r\nH\u00e9las, tout ne ce passe pas comme pr\u00e9vu, l'attaque des guerriers vikings surgissant du fond des eaux sur leurs drakkars, viendra vous faire trembler !", "duration": 26, "capacity": 3500, "color_title": 1, "photo_banner": "banner/banner_vikings.webp", "photo_home": "show_hom/vikings.webp", "url": "https://www.puydufou.com/fr/les-vikings", "type": [1], "category": [1], "theme": [3]}}, {"model": "blog.spectacle", "pk": 4, "fields": {"name": "Le Bal des Oiseaux Fant\u00f4mes", "slug": "oiseaux", "content": "Ce sublime spectacle, prend place dans les ruines du vieux ch\u00e2teau. \r\nAli\u00e9nor se r\u00e9veille et ses souvenirs font surgir les faucons, les aigles et les vautours effectuant un ballet dans le ciel.\r\nCe spectacle fait voler plus de 200 rapaces et \u00e9chassiers.", "duration": 33, "capacity": 3200, "color_title": 1, "photo_banner": "banner/banner_oiseaux.webp", "photo_home": "show_hom/oiseaux.webp", "url": "https://www.puydufou.com/fr/le-bal-des-oiseaux-fantomes", "type": [1], "category": [1], "theme": [3]}}, {"model": "blog.spectacle", "pk": 5, "fields": {"name": "Le Secret de la Lance", "slug": "lance", "content": "Ce grand spectacle m\u00e9di\u00e9vale, suit les aventures de marguerite apr\u00e8s le d\u00e9part des chevaliers pour Orl\u00e9ans.\r\nCette jeune berg\u00e8re va alors rester seule au ch\u00e2teau et va ainsi d\u00e9couvrir les pouvoirs fantastiques d'une lance offerte par Jeanne d'Arc pour prot\u00e9ger les remparts des Anglais.", "duration": 29, "capacity": 4000, "color_title": 1, "photo_banner": "banner/banner_lance.webp", "photo_home": "show_hom/lance.webp", "url": "https://www.puydufou.com/fr/le-secret-de-la-lance", "type": [1], "category": [1], "theme": [3]}}, {"model": "blog.spectacle", "pk": 6, "fields": {"name": "Les Chevaliers de la Table Ronde", "slug": "chevaliers", "content": "Ce spectacle vous plonge dans l\u2019univers fantastique de la l\u00e9gende arthurienne du Puy du Fou !\r\nAu pied des remparts, Merlin va mettre le courage d\u2019Arthur \u00e0 l\u2019\u00e9preuve.", "duration": 17, "capacity": 2000, "color_title": 1, "photo_banner": "banner/banner_table_ronde.webp", "photo_home": "show_hom/ronde.webp", "url": "https://www.puydufou.com/fr/les-chevaliers-de-la-table-ronde", "type": [1], "category": [1], "theme": [3]}}, {"model": "blog.spectacle", "pk": 9, "fields": {"name": "La Renaissance du Ch\u00e2teau", "slug": "renaissance", "content": "D\u00e9couvrez de l'int\u00e9rieur du ch\u00e2teau, oubli\u00e9 depuis des si\u00e8cles, du Puy du Fou et de l'histoire de sa famille.", "duration": 30, "capacity": null, "color_title": 1, "photo_banner": "banner/banner_chateau.webp", "photo_home": "show_hom/renaissance.webp", "url": "https://www.puydufou.com/fr/la-renaissance-du-chateau", "type": [3], "category": [3], "theme": [4]}}, {"model": "blog.spectacle", "pk": 10, "fields": {"name": "Le Dernier Panache", "slug": "panache", "content": "Ce spectacle incroyable, \u00e0 la mise en sc\u00e8ne unique au monde, vous am\u00e8ne sur les traces d\u2019un officier de marine fran\u00e7ais, Fran\u00e7ois Athanase Charette de La Contrie.\r\nCe h\u00e9ros de la Guerre d\u2019Ind\u00e9pendance Am\u00e9ricaine, dont la vie va basculer dans un ultime combat pour la libert\u00e9. Un spectacle \u00e9pique et \u00e9mouvant, devenu un incontournable !", "duration": 34, "capacity": 2400, "color_title": 1, "photo_banner": "banner/Banner_Panache.webp", "photo_home": "show_hom/panache.webp", "url": "https://www.puydufou.com/fr/le-dernier-panache", "type": [1], "category": [3], "theme": [5]}}, {"model": "blog.spectacle", "pk": 11, "fields": {"name": "Mousquetaire de Richelieu", "slug": "mousquetaire", "content": "Ce grand spectacle m\u00eale duels \u00e0 l'\u00e9p\u00e9e, ballets flamenco et de cascades \u00e9questres.\r\nAvec les mousquetaires, d\u00e9couvrez une aventure romanesque sur les planches d'un th\u00e9\u00e2tre monumental du XVII\u00e8me si\u00e8cle, et laissez-vous succomber par la beaut\u00e9 et l'\u00e9merveillement de ce spectacle.", "duration": 32, "capacity": 3000, "color_title": 1, "photo_banner": "banner/banner_mousquetaire.webp", "photo_home": "show_hom/mousquetaire.webp", "url": "https://www.puydufou.com/fr/mousquetaire-de-richelieu", "type": [1], "category": [3], "theme": [5]}}, {"model": "blog.spectacle", "pk": 12, "fields": {"name": "Les Orgues de Feu", "slug": "orgues", "content": "Ce spectacle nocturne fait appara\u00eetre sur le vieil \u00e9tang du Puy du Fou, ballerines, farfadets, nymphes et musiciens glissant sur la musique de Mozart, Delerue, Bach et Bizet.", "duration": 30, "capacity": 7500, "color_title": 1, "photo_banner": "banner/banner_orgues.webp", "photo_home": "show_hom/orgues.webp", "url": "https://www.puydufou.com/fr/les-orgues-de-feu", "type": [1], "category": [1], "theme": [5]}}, {"model": "blog.spectacle", "pk": 13, "fields": {"name": "Le Myst\u00e8re de La P\u00e9rouse", "slug": "perouse", "content": "Embarquez \u00e0 bord d'un vaisseau de La P\u00e9rouse, qui quitte le port de Brest en 1785 et prend le large pour affronter les mers inconnues.\r\nSur le vaisseau, prenez part aux grandes d\u00e9couvertes, du Cap Horn, \u00e0 l'Alaska, jusqu'\u00e0 Vanikoro\u2026 et essuyez les plus redoutables temp\u00eates !\r\nCe spectacle immersif vous fait vivre une exp\u00e9rience unique.", "duration": 15, "capacity": null, "color_title": 1, "photo_banner": "banner/banner_perouse.webp", "photo_home": "show_hom/perouse.webp", "url": "https://www.puydufou.com/fr/le-mystere-de-la-perouse", "type": [3], "category": [3], "theme": [5]}}, {"model": "blog.spectacle", "pk": 24, "fields": {"name": "Les Amoureux de Verdun", "slug": "verdun", "content": "Ce spectacle immersif vous plonge en plein c\u0153ur des tranch\u00e9s de la premi\u00e8re guerre mondiale.\r\nSuivez la correspondance amoureuse d\u2019un soldat et sa fianc\u00e9e, durant l\u2019hiver 1916, dans une tranch\u00e9e enneig\u00e9e, \u00e0 la rencontre de soldats h\u00e9ro\u00efques.\r\n\r\nA la veille de No\u00ebl, les fum\u00e9es envahissent les galeries, le sol tremble \u00e0 chaque nouvelle explosion, les alarmes retentissent\u2026 Tout semble perdu, mais en ce 24 d\u00e9cembre, les soldats ne savent pas encore qu\u2019ils vont vivre un No\u00ebl qu\u2019ils n\u2019oublieront jamais !", "duration": 15, "capacity": null, "color_title": 1, "photo_banner": "banner/banner_verdun.webp", "photo_home": "show_hom/verdun.webp", "url": "https://www.puydufou.com/fr/les-amoureux-de-verdun", "type": [3], "category": [3], "theme": [7]}}, {"model": "blog.spectacle", "pk": 25, "fields": {"name": "Le Premier Royaume", "slug": "royaume", "content": "Au V\u00e8me si\u00e8cle, en pleine chute de l'Empire Romain tout juste ravag\u00e9 par les hordes d'Attila, accompagnez Clovis, le c\u00e9l\u00e8bre roi franc !\r\nAu fil de ses conqu\u00eates, d\u00e9couvrez les doutes de ce grand strat\u00e8ge partag\u00e9 entre les traditions ancestrales de son peuple et la voie nouvelle qu'il pourrait choisir pour fonder le premier royaume !", "duration": 18, "capacity": null, "color_title": 1, "photo_banner": "banner/banner_royaume.png", "photo_home": "show_hom/royaume.webp", "url": "https://www.puydufou.com/fr/le-premier-royaume", "type": [3], "category": [3], "theme": [3]}}, {"model": "blog.ville", "pk": 1, "fields": {"name": "La Cit\u00e9 M\u00e9di\u00e9vale", "slug": "cite", "content": "Entre deux spectacles traversez une fois de plus les portes de l'Histoire en franchissant l'enceinte fortifi\u00e9e de La Cit\u00e9 M\u00e9di\u00e9vale qui s\u00e9duit par son r\u00e9alisme dans les moindres d\u00e9tails. Vous y d\u00e9couvrirez toutes les richesses du Moyen-\u00c2ge et le savoir-faire perdu des artisans d'art.", "duration": null, "capacity": null, "color_title": 1, "photo_banner": "banner/banner_medievale_nkiCZQL.webp", "photo_home": "show_hom/medievale_w4ouzCl.webp", "url": "https://www.puydufou.com/fr/la-cite-medievale", "type": [2], "category": [2], "theme": [3]}}, {"model": "blog.ville", "pk": 2, "fields": {"name": "Le Fort de l'An Mil", "slug": "fort", "content": "Entrez dans le d\u00e9cor du spectacle des Vikings pour d\u00e9couvrir un v\u00e9ritable hameau aux toits de chaume, admirer la force du forgeron battant le fer et la pr\u00e9cision du travail du taillandier.", "duration": null, "capacity": null, "color_title": 1, "photo_banner": "banner/banner_fort_Kq8FaID.webp", "photo_home": "show_hom/fort_D3pzVFB.webp", "url": "https://www.puydufou.com/fr/le-fort-de-lan-mil", "type": [2], "category": [2], "theme": [3]}}, {"model": "blog.ville", "pk": 3, "fields": {"name": "Le Village XVIII\u00e8me", "slug": "village", "content": "Reposez-vous dans le village o\u00f9 le temps s'est arr\u00eat\u00e9. Chaque maison de ce village abrite une surprise. D\u00e9ambulez dans les ruelles au gr\u00e9 de vos humeurs, du potager au lavoir en passant par la grange.", "duration": null, "capacity": null, "color_title": 1, "photo_banner": "banner/banner_village_c01c6pK.webp", "photo_home": "show_hom/village_uqaqu6u.webp", "url": "https://www.puydufou.com/fr/le-village-xviiieme", "type": [2], "category": [2], "theme": [5]}}, {"model": "blog.ville", "pk": 4, "fields": {"name": "Le Bourg 1900", "slug": "bourg", "content": "Encadr\u00e9e par sa halle et son bistrot authentique, la grande place est bord\u00e9e par ses commerces Belle Epoque aux vitrines all\u00e9chantes. Derri\u00e8re s'activent les commer\u00e7ants : le marchand de jouets, la marchande de bonbons...", "duration": null, "capacity": null, "color_title": 1, "photo_banner": "banner/banner_bourg_wL1Vtpe.webp", "photo_home": "show_hom/bourg_oLXvv6v.webp", "url": "https://www.puydufou.com/fr/le-bourg-1900", "type": [2], "category": [2], "theme": [6]}}, {"model": "blog.animation", "pk": 1, "fields": {"name": "Le Grand Carillon", "slug": "carillon", "content": "Au c\u0153ur du Village XVIII\u00e8me si\u00e8cle, \u00ab Le Grand Carillon \u00bb est un spectacle musical insolite pour remonter le temps. A 16 m\u00e8tres du sol, les sonneurs virevoltent et frappent les 70 cloches g\u00e9antes au rythme des plus c\u00e9l\u00e8bres airs de musique : une spectaculaire chor\u00e9graphie m\u00e9lodique.", "duration": null, "capacity": null, "color_title": 1, "photo_banner": "banner/banner_carillon_zikc1tk.webp", "photo_home": "show_hom/carillon_Jojg30q.webp", "url": "https://www.puydufou.com/fr/le-grand-carillon", "type": [4], "category": [1], "theme": [5]}}, {"model": "blog.animation", "pk": 2, "fields": {"name": "Le Monde Imaginaire de La Fontaine", "slug": "imaginaire", "content": "V\u00e9ritable petit monde d\u00e9di\u00e9 aux enfants au sein m\u00eame du Grand Parc, \"Le Monde Imaginaire de La Fontaine\" vous invite \u00e0 vivre une exp\u00e9rience interactive dans le jardin extraordinaire de Jean de La Fontaine. Au milieu des animaux des c\u00e9l\u00e8bres fables et des arbres qui parlent, les statues se r\u00e9veillent et les surprises s'encha\u00eenent sur votre passage.", "duration": null, "capacity": null, "color_title": 1, "photo_banner": "banner/banner_imaginaire_9v8Heux.webp", "photo_home": "show_hom/imaginaire_1Tz3xyZ.webp", "url": "https://www.puydufou.com/fr/le-monde-imaginaire-de-la-fontaine", "type": [4], "category": [1], "theme": [5]}}, {"model": "blog.animation", "pk": 3, "fields": {"name": "Le Labyrinthe des Animaux", "slug": "labyrinthe", "content": "Ce labyrinthe v\u00e9g\u00e9tal r\u00e9serve aux petits comme aux grands bien des surprises \u00e0 qui viendra s'y perdre ! Ici les statues se transforment en redoutables animaux espi\u00e8gles qui arrosent les petites t\u00eates en l'air.", "duration": null, "capacity": null, "color_title": 1, "photo_banner": "banner/banner_labyrinthe_InC78Ka.webp", "photo_home": "show_hom/labyrinthe_gug1pmc.webp", "url": "https://www.puydufou.com/fr/le-labyrinthe-des-animaux", "type": [4], "category": [1], "theme": [5]}}, {"model": "blog.animation", "pk": 4, "fields": {"name": "Le Repaire des Enfants", "slug": "repaire", "content": "Les enfants comme les grands vont pouvoir se d\u00e9fouler et rejouer les spectacles du Grand Parc en s'imaginant princesse ou chevalier dans ce v\u00e9ritable petit ch\u00e2teau !", "duration": null, "capacity": null, "color_title": 1, "photo_banner": "banner/banner_repaire_TXm0eGF.webp", "photo_home": "show_hom/repaire_qnUiakR.webp", "url": "https://www.puydufou.com/fr/le-repaire-des-enfants", "type": [4], "category": [1], "theme": [5]}}, {"model": "blog.animation", "pk": 5, "fields": {"name": "La Prairie des Animaux", "slug": "prairie", "content": "La for\u00eat du Puy du Fou est le refuge de plus de 1500 animaux. Lapins, daims, loups ou encore aigles peuplent les 55 hectares de nature pr\u00e9serv\u00e9e du Grand Parc.", "duration": null, "capacity": null, "color_title": 1, "photo_banner": "banner/banner_prairie_qeSVicl.webp", "photo_home": "show_hom/prairie_tSD7BA0.webp", "url": "https://www.puydufou.com/fr/la-prairie-des-animaux", "type": [4], "category": [1], "theme": [5]}}, {"model": "blog.animation", "pk": 6, "fields": {"name": "Le Ballet des Sapeurs", "slug": "ballet", "content": "Au coeur du Bourg 1900, les habitants se d\u00e9m\u00e8nent pour \u00e9teindre l\u2019incendie d\u2019un v\u00e9hicule dont le moteur vient litt\u00e9ralement d\u2019exploser.\r\nInspir\u00e9 de l\u2019univers du cin\u00e9ma muet, ce spectacle jazzy est enti\u00e8rement interpr\u00e9t\u00e9 par les enfants de Puy du Fou Acad\u00e9mie.", "duration": null, "capacity": null, "color_title": 1, "photo_banner": "banner/banner_ballets_vq2iRGy.webp", "photo_home": "show_hom/ballets_Ir3UKSW.webp", "url": "https://www.puydufou.com/fr/le-ballet-des-sapeurs", "type": [4], "category": [1], "theme": [6]}}, {"model": "blog.restaurant", "pk": 1, "fields": {"name": "Le Caf\u00e9 de la Madelon", "slug": "madelon", "content": "Le Caf\u00e9 de la Madelon", "color_title": 1, "photo_banner": "banner/banner_JQMUVEQ.webp", "photo_home": "show_hom/madelon2.webp", "price": 1, "num_plan": "A", "price_adult": "29.90", "price_child": "13.90", "price_general": null, "exact_price": true, "url": "https://www.puydufou.com/fr/le-cafe-de-la-madelon", "type": [7], "category": [3], "theme": [7]}}, {"model": "blog.restaurant", "pk": 2, "fields": {"name": "Le Relais de Poste", "slug": "relais", "content": "Le Relais de Poste", "color_title": 1, "photo_banner": "banner/banner_t1ydDuL.webp", "photo_home": "show_hom/relais.webp", "price": 1, "num_plan": "B", "price_adult": "26.80", "price_child": "12.90", "price_general": null, "exact_price": true, "url": "https://www.puydufou.com/fr/le-relais-de-poste", "type": [7], "category": [3], "theme": [5]}}, {"model": "blog.restaurant", "pk": 3, "fields": {"name": "Les Deux Couronnes", "slug": "couronnes", "content": "Les Deux Couronnes", "color_title": 1, "photo_banner": "banner/banner_8yUj9fJ.webp", "photo_home": "show_hom/couronnes.webp", "price": 1, "num_plan": "", "price_adult": null, "price_child": null, "price_general": null, "exact_price": false, "url": "https://www.puydufou.com/fr/les-deux-couronnes-0", "type": [7], "category": [3], "theme": [4]}}, {"model": "blog.restaurant", "pk": 4, "fields": {"name": "L'Atrium", "slug": "atrium", "content": "L'Atrium", "color_title": 1, "photo_banner": "banner/banner_bT5eNxG.webp", "photo_home": "show_hom/atrium.webp", "price": 1, "num_plan": "", "price_adult": null, "price_child": null, "price_general": null, "exact_price": false, "url": "https://www.puydufou.com/fr/latrium", "type": [7], "category": [3], "theme": [2]}}, {"model": "blog.restaurant", "pk": 5, "fields": {"name": "Le Banquet de M\u00e9rov\u00e9e", "slug": "banquet", "content": "Le Banquet de M\u00e9rov\u00e9e", "color_title": 1, "photo_banner": "banner/banner_q2fASt2.webp", "photo_home": "show_hom/banquet.webp", "price": 1, "num_plan": "", "price_adult": null, "price_child": null, "price_general": null, "exact_price": false, "url": "https://www.puydufou.com/fr/le-banquet-de-merovee", "type": [7], "category": [3], "theme": [3]}}, {"model": "blog.restaurant", "pk": 6, "fields": {"name": "L'Ecuyer Tranchant", "slug": "ecuyer", "content": "L'Ecuyer Tranchant", "color_title": 1, "photo_banner": "banner/banner_NJALKJq.webp", "photo_home": "show_hom/ecuyer.webp", "price": 1, "num_plan": "", "price_adult": null, "price_child": null, "price_general": null, "exact_price": false, "url": "https://www.puydufou.com/fr/lecuyer-tranchant", "type": [7], "category": [3], "theme": [3]}}, {"model": "blog.restaurant", "pk": 7, "fields": {"name": "L'Auberge", "slug": "auberge", "content": "L'Auberge", "color_title": 1, "photo_banner": "banner/banner_UJIQhig.webp", "photo_home": "show_hom/auberge.webp", "price": 4, "num_plan": "C", "price_adult": "32.00", "price_child": "18.00", "price_general": null, "exact_price": true, "url": "https://www.puydufou.com/fr/lauberge", "type": [7], "category": [3], "theme": [5]}}, {"model": "blog.restaurant", "pk": 8, "fields": {"name": "Le Bistrot", "slug": "bistrot", "content": "Le Bistrot", "color_title": 1, "photo_banner": "banner/banner_xGKNypX.webp", "photo_home": "show_hom/bistrot.webp", "price": 1, "num_plan": "D", "price_adult": "24.00", "price_child": "12.90", "price_general": null, "exact_price": true, "url": "https://www.puydufou.com/fr/le-bistrot", "type": [7], "category": [1, 3], "theme": [6]}}, {"model": "blog.restaurant", "pk": 9, "fields": {"name": "L'Echansonnerie", "slug": "echansonnerie", "content": "L'Echansonnerie", "color_title": 1, "photo_banner": "banner/banner_rzLtlSV.webp", "photo_home": "show_hom/echansonnerie.webp", "price": 1, "num_plan": "G", "price_adult": "23.50", "price_child": "12.90", "price_general": null, "exact_price": true, "url": "https://www.puydufou.com/fr/lechansonnerie", "type": [7], "category": [3], "theme": [4]}}, {"model": "blog.restaurant", "pk": 10, "fields": {"name": "L'Orangerie", "slug": "orangerie", "content": "L'Orangerie", "color_title": 1, "photo_banner": "banner/banner_qhYFhUi.webp", "photo_home": "show_hom/orangerie.webp", "price": 3, "num_plan": "F", "price_adult": "19.90", "price_child": "11.90", "price_general": null, "exact_price": true, "url": "https://www.puydufou.com/fr/lorangerie", "type": [7], "category": [3], "theme": [6]}}, {"model": "blog.restaurant", "pk": 11, "fields": {"name": "La Mijoterie du Roy Henry", "slug": "mijoterie", "content": "La Mijoterie du Roy Henry", "color_title": 1, "photo_banner": "banner/banner_zMDDplW.webp", "photo_home": "show_hom/mijoterie.webp", "price": 3, "num_plan": "", "price_adult": null, "price_child": null, "price_general": null, "exact_price": false, "url": "https://www.puydufou.com/fr/la-mijoterie-du-roy-henry", "type": [7], "category": [3], "theme": [4]}}, {"model": "blog.restaurant", "pk": 12, "fields": {"name": "La Taverne", "slug": "taverne", "content": "LA TAVERNE", "color_title": 1, "photo_banner": "banner/banner_bGnlPUt.webp", "photo_home": "show_hom/taverne.webp", "price": 2, "num_plan": "E", "price_adult": null, "price_child": "9.90", "price_general": "7.00", "exact_price": false, "url": "", "type": [7], "category": [3], "theme": [3]}}, {"model": "blog.restaurant", "pk": 13, "fields": {"name": "Le Rendez-Vous des Ventres Faims", "slug": "ventres_faims", "content": "Le Rendez-Vous des Ventres Faims", "color_title": 1, "photo_banner": "banner/banner_zR3RawZ.webp", "photo_home": "show_hom/ventre.webp", "price": 3, "num_plan": "", "price_adult": null, "price_child": null, "price_general": null, "exact_price": false, "url": "https://www.puydufou.com/fr/le-rendez-vous-des-ventres-faims", "type": [7], "category": [1], "theme": [1]}}, {"model": "blog.restaurant", "pk": 14, "fields": {"name": "L'Estaminet", "slug": "estaminet", "content": "L'ESTAMINET", "color_title": 1, "photo_banner": "banner/banner_M6rQ7Ie.webp", "photo_home": "show_hom/estaminet.webp", "price": 2, "num_plan": "", "price_adult": null, "price_child": null, "price_general": null, "exact_price": false, "url": "", "type": [7], "category": [1], "theme": [3]}}, {"model": "blog.restaurant", "pk": 15, "fields": {"name": "La Popina", "slug": "popina", "content": "LA POPINA", "color_title": 1, "photo_banner": "banner/banner_utXf3Na.webp", "photo_home": "show_hom/popina.webp", "price": 2, "num_plan": "", "price_adult": null, "price_child": null, "price_general": null, "exact_price": false, "url": "", "type": [7], "category": [1], "theme": [2]}}, {"model": "blog.restaurant", "pk": 16, "fields": {"name": "La Queue De L'Etang", "slug": "etang", "content": "LA QUEUE DE L'ETANG", "color_title": 1, "photo_banner": "banner/banner_idL7Ngn.webp", "photo_home": "show_hom/etang.webp", "price": 2, "num_plan": "", "price_adult": null, "price_child": null, "price_general": null, "exact_price": false, "url": "", "type": [7], "category": [1], "theme": [5]}}, {"model": "blog.restaurant", "pk": 17, "fields": {"name": "Le Garde Manger", "slug": "garde_manger", "content": "LE GARDE MANGER", "color_title": 1, "photo_banner": "banner/banner_XYArHew.webp", "photo_home": "show_hom/garde_manger.webp", "price": 2, "num_plan": "", "price_adult": null, "price_child": null, "price_general": null, "exact_price": false, "url": "", "type": [7], "category": [1], "theme": [5]}}, {"model": "blog.restaurant", "pk": 18, "fields": {"name": "La R\u00f4tissoire", "slug": "rotissoire", "content": "LA R\u00d4TISSOIRE", "color_title": 1, "photo_banner": "banner/banner_INZ0lyk.webp", "photo_home": "show_hom/rotissoire.webp", "price": 3, "num_plan": "", "price_adult": null, "price_child": null, "price_general": null, "exact_price": false, "url": "", "type": [7], "category": [1], "theme": [5]}}, {"model": "blog.restaurant", "pk": 19, "fields": {"name": "La Gargoulette", "slug": "gargoulette", "content": "LA GARGOULETTE", "color_title": 1, "photo_banner": "banner/banner_M4Hnpv1.webp", "photo_home": "show_hom/gargoulette.webp", "price": 2, "num_plan": "", "price_adult": null, "price_child": null, "price_general": null, "exact_price": false, "url": "", "type": [7], "category": [1], "theme": [3]}}, {"model": "blog.restaurant", "pk": 20, "fields": {"name": "La Maison du Pr\u00e9fou", "slug": "prefou", "content": "LA MAISON DU PR\u00c9FOU", "color_title": 1, "photo_banner": "banner/banner_VmHIEdY.webp", "photo_home": "show_hom/prefou.webp", "price": 2, "num_plan": "", "price_adult": null, "price_child": null, "price_general": null, "exact_price": false, "url": "", "type": [7], "category": [1], "theme": [5]}}, {"model": "blog.restaurant", "pk": 21, "fields": {"name": "L\u2019Etape \u2013 Cr\u00eaperie", "slug": "creperie", "content": "L\u2019ETAPE \u2013 CR\u00caPERIE", "color_title": 1, "photo_banner": "banner/banner_bMHY9rs.webp", "photo_home": "show_hom/etape.webp", "price": 2, "num_plan": "", "price_adult": null, "price_child": null, "price_general": null, "exact_price": false, "url": "", "type": [7], "category": [1], "theme": [5]}}, {"model": "blog.restaurant", "pk": 22, "fields": {"name": "Le Fort de l'An Mil", "slug": "fort", "content": "LE FORT DE L'AN MIL", "color_title": 1, "photo_banner": "banner/banner_n3OLtaT.webp", "photo_home": "show_hom/mil.webp", "price": 2, "num_plan": "", "price_adult": null, "price_child": null, "price_general": null, "exact_price": false, "url": "", "type": [7], "category": [1], "theme": [3]}}, {"model": "blog.hotel", "pk": 1, "fields": {"name": "La Citadelle", "slug": "citadelle", "content": "La Citadelle", "color_title": 1, "photo_banner": "banner/banner_citadelle.webp", "photo_home": "show_hom/citadelle.webp", "price": 3, "price_general": null, "url": "https://www.puydufou.com/fr/la-citadelle", "type": [6], "category": [4], "theme": [3]}}, {"model": "blog.hotel", "pk": 2, "fields": {"name": "La Villa Gallo-Romaine", "slug": "villa", "content": "La Villa Gallo-Romaine", "color_title": 1, "photo_banner": "banner/banner_villa.webp", "photo_home": "show_hom/villa.webp", "price": 3, "price_general": null, "url": "https://www.puydufou.com/fr/la-villa-gallo-romaine", "type": [6], "category": [4], "theme": [2]}}, {"model": "blog.hotel", "pk": 3, "fields": {"name": "Le Camp du Drap d'Or", "slug": "drap_dor", "content": "Le Camp du Drap d'Or", "color_title": 1, "photo_banner": "banner/banner_drap_dor.webp", "photo_home": "show_hom/drap_dor.webp", "price": 3, "price_general": null, "url": "https://www.puydufou.com/fr/le-camp-du-drap-dor", "type": [6], "category": [4], "theme": [4]}}, {"model": "blog.hotel", "pk": 4, "fields": {"name": "Le Logis de Lescure", "slug": "logis", "content": "Le Logis de Lescure", "color_title": 1, "photo_banner": "banner/banner_logis.webp", "photo_home": "show_hom/logis.webp", "price": 1, "price_general": null, "url": "https://www.puydufou.com/fr/le-logis-de-lescure", "type": [6], "category": [4], "theme": [5]}}, {"model": "blog.hotel", "pk": 5, "fields": {"name": "Les \u00celes de Clovis", "slug": "iles_clovis", "content": "Les \u00celes de Clovis", "color_title": 1, "photo_banner": "banner/banner_clovis.webp", "photo_home": "show_hom/clovis.webp", "price": 3, "price_general": null, "url": "https://www.puydufou.com/fr/les-%C3%8Eles-de-clovis", "type": [6], "category": [4], "theme": [3]}}, {"model": "blog.quote", "pk": 1, "fields": {"name": "cinescenie 1", "content": "Je suis le marchand de quenouilles, qui file le temps et se prom\u00e8ne pour vendre ses poup\u00e9es de lin dans le pays du Puy du Fou.", "author": "Le Marchand de quenouilles", "show_id": 1}}, {"model": "blog.quote", "pk": 2, "fields": {"name": "triomphe 1", "content": "Je voudrais qu'on \u00e9rige ici, une basilique surmont\u00e9e du Signe du Triomphe !", "author": "Solinne", "show_id": 2}}, {"model": "blog.quote", "pk": 3, "fields": {"name": "triomphe 2", "content": "Je ne peux pas me taire ! Je ne peux pas abandonner ces gens dont j'ai la garde et cette femme prisonni\u00e8re que j'aime et qui s'appelle Solinne !", "author": "Damien", "show_id": 2}}, {"model": "blog.quote", "pk": 4, "fields": {"name": "vikings 1", "content": "Regardez le miracle du Saint reliquaire, port\u00e9 par notre Dame et le vent Philibert, entendez leurs suppliques, vierge du Bourg Berrard !", "author": "Vierge", "show_id": 3}}, {"model": "blog.quote", "pk": 5, "fields": {"name": "vikings 2", "content": "Nous voici revenus tous pr\u00e8s du 1er mill\u00e9naire, au sommet du donjon du 1er Puy du Fou, sur la 1\u00e8re motte, tout pr\u00e8s des 1ers h\u00eatres, au p\u00e9ril des foss\u00e9s, des barbares et des loups.", "author": "Narrateur", "show_id": 3}}, {"model": "blog.quote", "pk": 6, "fields": {"name": "oiseaux 1", "content": "Chantes Ali\u00e9nor ! Chante, appelle les, les oiseaux ! Autour de toi ! Avec toi ils vont danser, le voil\u00e0 ton r\u00eave ! Bon ballet ! Le ballet des oiseaux fant\u00f4mes !", "author": "H\u00e9lo\u00efse", "show_id": 4}}, {"model": "blog.quote", "pk": 7, "fields": {"name": "oiseaux 2", "content": "Vous \u00eates assis autour des ruines du premier Puy du Fou, b\u00e2tit au 11\u00e8me si\u00e8cle.", "author": "Narrateur", "show_id": 4}}, {"model": "blog.quote", "pk": 8, "fields": {"name": "mousquetaire 1", "content": "Je veux que l'eau jaillisse sous le pas des chevaux !", "author": "La S\u00e9raphina", "show_id": 11}}, {"model": "blog.quote", "pk": 9, "fields": {"name": "mousquetaire 2", "content": "C'est l'histoire d'un jeune orphelin, palefrenier au Puy du Fou, \u00e9pris d'une belle gitane espagnole qui r\u00eave de devenir com\u00e9dienne ...", "author": "Narrateur", "show_id": 11}}, {"model": "blog.quote", "pk": 10, "fields": {"name": "lance 1", "content": "Et bien Marguerite, c'est entre tes mains fr\u00eales que je remets ma lance. Elle te prot\u00e9gera et fera pour toi des miracles. Regarde !", "author": "Jeanne la Lorraine", "show_id": 5}}, {"model": "blog.quote", "pk": 11, "fields": {"name": "ronde 1", "content": "Voici ta nouvelle \u00c9p\u00e9e de Roi Excalibur !", "author": "Dame du Lac", "show_id": 6}}, {"model": "blog.quote", "pk": 12, "fields": {"name": "verdun 1", "content": "", "author": "", "show_id": 24}}, {"model": "blog.new", "pk": 1, "fields": {"name": "Profile", "content": "Ajout d'un profile utilisateur", "url": "", "date": "2019-07-12"}}, {"model": "blog.new", "pk": 2, "fields": {"name": "Mobile", "content": "Optimisation de la version mobile", "url": "", "date": "2019-07-12"}}, {"model": "blog.new", "pk": 3, "fields": {"name": "News", "content": "Ajout d'une section \"Quoi de neuf ?\" sur la page d\u2019accueil", "url": "", "date": "2019-07-12"}}, {"model": "blog.new", "pk": 4, "fields": {"name": "Accueil", "content": "Ajout des animations et villes sur la page d'accueil", "url": "", "date": "2019-07-12"}}, {"model": "blog.new", "pk": 5, "fields": {"name": "H\u00f4tels & Restaurants", "content": "Ajout des fiches h\u00f4tels et restaurants", "url": "", "date": "2019-07-12"}}, {"model": "blog.new", "pk": 6, "fields": {"name": "Programme", "content": "Ajout du g\u00e9n\u00e9rateur de programme", "url": "", "date": "2019-07-12"}}, {"model": "blog.new", "pk": 7, "fields": {"name": "Groupe & s\u00e9jour", "content": "Ajout d'une gestion des groupes et des s\u00e9jours", "url": "https://www.puydinfo.fr/sejour/", "date": "2019-08-19"}}, {"model": "blog.feed", "pk": 1, "fields": {"user": 1, "title": "Test Feed", "content": "Ceci est un test pour le flux d'actualit\u00e9s automatique.\r\nNe pas tenir compte.", "date": "2019-07-25", "url": "https://www.puydinfo.fr/show/cinescenie", "show_id": 1, "animation_id": null, "ville_id": null, "resto_id": null, "hotel_id": null, "photo_home": ""}}]